timestamp,cycles,instructions,cache-misses,branch-misses,page-faults,context-switches,cpu-migrations
2025-07-26T23:45:29.561765,65503225,82769618,101638,306827,2337,37,0
2025-07-26T23:45:31.456694,63899338,82683541,90128,307982,2349,37,0
2025-07-26T23:45:33.346227,61966345,82826987,91408,308811,2338,38,3
2025-07-26T23:45:35.235172,64357658,83133910,90444,306153,2340,38,2
2025-07-26T23:45:38.125264,64295404,82663536,90288,306641,2335,38,1
2025-07-26T23:45:40.016081,63906190,83109190,91427,307681,2339,39,1
2025-07-26T23:45:41.903142,64443072,82775458,87759,306642,2347,37,1
2025-07-26T23:45:44.793634,64839303,83282585,103335,307753,2338,37,1
2025-07-26T23:45:46.697083,64780860,83686392,86647,305143,2340,37,0
2025-07-26T23:45:48.584885,64640337,83135081,87593,307038,2340,38,0
2025-07-26T23:45:50.475120,64339094,82728826,89691,306649,2340,38,0
2025-07-26T23:45:53.363542,64124636,82781080,91448,306295,2339,37,0
2025-07-26T23:45:55.252745,63473890,82593151,92093,308564,2338,38,0
2025-07-26T23:45:57.142263,63624056,82618505,92204,307892,2333,37,0
2025-07-26T23:46:00.033894,64472852,83083690,95849,308521,2337,37,0
2025-07-26T23:46:01.922455,63694246,82566922,89035,307762,2338,37,0
2025-07-26T23:46:03.813292,63512915,82637866,91873,307137,2339,37,0
2025-07-26T23:46:05.700380,63425040,82577750,91392,307838,2337,37,0
2025-07-26T23:46:08.590322,64194730,82899561,91818,307668,2342,38,0
2025-07-26T23:46:10.481006,63906204,83015722,92362,307811,2346,38,1
2025-07-26T23:46:12.368631,64314639,83054754,91312,304595,2339,38,1
2025-07-26T23:46:15.257099,65492770,83089744,112786,307975,2340,37,1
2025-07-26T23:46:17.146012,63907610,82701873,87214,307346,2337,37,1
2025-07-26T23:46:19.037702,64365390,82781435,89258,304912,2341,37,0
2025-07-26T23:46:20.926471,63394379,82723748,90606,306097,2337,37,0
2025-07-26T23:46:23.820228,64139635,83724895,90067,305370,2344,37,0
2025-07-26T23:46:25.708711,64487080,84128559,81321,306046,2336,37,0
2025-07-26T23:46:27.596642,64087452,83195436,90576,306055,2336,37,0
2025-07-26T23:46:30.485765,64237761,82676664,92286,306679,2338,37,0
2025-07-26T23:46:32.375031,63095154,82543373,92165,308116,2335,38,0
2025-07-26T23:46:34.278218,63393823,82683076,89472,306140,2340,38,0
2025-07-26T23:46:36.165158,64063288,82530113,91247,306720,2339,37,1
2025-07-26T23:46:39.054710,65009471,83083039,93263,307588,2340,37,1
2025-07-26T23:46:40.948067,64010637,82922912,91401,306177,2335,37,1
2025-07-26T23:46:42.835370,63854001,83008207,88483,306542,2338,37,0
2025-07-26T23:46:45.724948,64421594,83155125,91247,305706,2344,37,0
2025-07-26T23:46:47.615214,64081965,82851005,93637,308252,2339,41,1
2025-07-26T23:46:49.504052,64493654,83415705,82573,307735,2344,38,0
2025-07-26T23:46:51.391000,63650431,82717254,92972,307181,2337,38,0
2025-07-26T23:46:54.278454,63504131,82638320,91437,306003,2347,37,0
2025-07-26T23:46:56.166468,64193516,82685047,88368,307470,2343,37,0
2025-07-26T23:46:58.053666,64964283,84429307,89954,307455,2345,37,0
2025-07-26T23:47:00.946142,64914698,83002422,88697,306818,2345,38,0
2025-07-26T23:47:02.835869,63741868,83207394,82504,307100,2348,37,1
2025-07-26T23:47:04.724675,64628345,83162824,90158,307166,2336,37,0
2025-07-26T23:47:06.611041,63896950,82589159,88751,305972,2343,37,0
2025-07-26T23:47:09.498225,64419655,83308038,86602,307204,2337,39,1
2025-07-26T23:47:11.388373,63851704,83120465,90746,308136,2346,37,1
2025-07-26T23:47:13.278781,64217484,82948922,90996,306773,2339,38,1
2025-07-26T23:47:16.165884,64134824,82877060,87987,305989,2339,37,0
2025-07-26T23:47:18.053697,63724631,82785235,89521,305841,2336,37,1
2025-07-26T23:47:19.945998,64226066,83309034,90175,307493,2342,38,1
2025-07-26T23:47:21.833744,64740034,82773280,92881,306714,2341,37,0
2025-07-26T23:47:24.720986,63456412,82632817,92080,308336,2344,38,1
2025-07-26T23:47:26.612804,64015429,82523410,104019,307349,2340,39,2
2025-07-26T23:47:28.503167,64317749,82728058,87556,306255,2347,37,1
2025-07-26T23:47:31.392849,63383056,82890540,81797,307749,2340,37,0
2025-07-26T23:47:33.280793,64488220,82646747,90645,308570,2345,38,2
2025-07-26T23:47:35.169425,64097375,82876677,90465,306511,2345,37,0
2025-07-26T23:47:37.055980,63684442,82626771,88765,306490,2342,37,0
2025-07-26T23:47:39.946864,64147908,83233601,87813,307258,2343,37,1
2025-07-26T23:47:41.836550,64498296,82844666,85974,306569,2343,37,0
2025-07-26T23:47:43.723720,63805457,82873047,91707,307200,2341,38,0
2025-07-26T23:47:46.610278,64662435,82967557,91493,307988,2340,37,1
2025-07-26T23:47:48.501066,63712897,82599469,88792,308479,2334,39,0
2025-07-26T23:47:50.388142,63679430,83285485,93577,308176,2338,37,0
2025-07-26T23:47:53.278193,64370932,83449866,90324,306957,2339,37,1
2025-07-26T23:47:55.170763,64021736,83056967,92095,307144,2345,37,0
2025-07-26T23:47:57.061002,64747754,82494111,108827,306230,2341,37,1
2025-07-26T23:47:58.950971,63820501,82656195,90980,307415,2336,38,1
2025-07-26T23:48:01.840346,63683621,82676168,88602,305855,2344,38,1
2025-07-26T23:48:03.730928,64755643,82826580,89999,306013,2341,37,0
2025-07-26T23:48:05.617355,64850262,82853989,83746,307095,2342,37,0
2025-07-26T23:48:08.507276,64785127,82726964,89207,305659,2337,37,0
2025-07-26T23:48:10.397240,63124904,82579113,90094,306597,2338,37,0
2025-07-26T23:48:12.288862,63809978,83476376,89103,306517,2335,37,2
2025-07-26T23:48:14.176589,64568578,82722268,90044,305766,2336,38,0
2025-07-26T23:48:17.064987,63953124,83198596,88119,306655,2333,37,1
2025-07-26T23:48:18.956541,64412112,83161844,87820,305418,2341,37,0
2025-07-26T23:48:20.844077,64331444,82796957,89411,306796,2343,37,0
2025-07-26T23:48:23.731683,64130643,82544682,88817,305575,2343,37,0
2025-07-26T23:48:25.619929,63818793,82904999,88930,307822,2342,38,0
2025-07-26T23:48:27.569224,65497332,82861667,108292,305093,2341,37,0
2025-07-26T23:48:29.456602,64642574,82932754,87414,307127,2340,38,0
2025-07-26T23:48:32.345121,65028702,83218010,92422,306527,2338,37,1
2025-07-26T23:48:34.233010,64418146,82871504,86622,305806,2338,37,0
2025-07-26T23:48:36.120471,64408884,83254256,86579,305841,2342,37,0
2025-07-26T23:48:39.009262,64435629,82808727,89697,306339,2341,38,0
2025-07-26T23:48:40.896759,63774690,83093461,89973,307166,2340,38,1
2025-07-26T23:48:42.784232,63705279,82490177,86458,305446,2339,37,0
2025-07-26T23:48:44.673833,64424120,82667676,89262,307927,2342,37,0
2025-07-26T23:48:47.561854,64353235,82663852,93144,305258,2343,37,0
2025-07-26T23:48:49.450874,63876192,82834880,88976,308244,2341,40,1
2025-07-26T23:48:51.338594,64446938,83031591,90213,306493,2345,37,0
2025-07-26T23:48:54.226087,64234013,83066462,89481,306581,2339,38,0
2025-07-26T23:48:56.115272,64082880,82637649,91294,308060,2338,38,0
2025-07-26T23:48:58.004582,64500478,83080603,88910,306814,2341,37,0
2025-07-26T23:48:59.891024,63878501,82791963,89476,306400,2345,38,1
2025-07-26T23:49:02.779691,63890110,82639596,85879,306145,2342,37,0
2025-07-26T23:49:04.668889,64030249,82642402,86890,306541,2336,39,1
2025-07-26T23:49:06.552886,64413113,82847086,87183,306762,2340,37,0
2025-07-26T23:49:09.446101,64195351,82767844,89467,306507,2337,37,0
2025-07-26T23:49:11.335434,64645504,82641019,87212,306343,2341,37,0
2025-07-26T23:49:13.224151,64581853,83052254,88611,306337,2342,37,1
2025-07-26T23:49:15.114028,63716126,82546401,90350,307798,2339,37,1
2025-07-26T23:49:18.007573,64777555,83087429,90939,306340,2338,37,0
2025-07-26T23:49:19.897545,63380535,83118300,89444,308842,2339,39,3
2025-07-26T23:49:21.785123,64259556,82549360,90823,306174,2342,37,0
2025-07-26T23:49:24.675480,64518508,82689363,90083,308069,2339,38,0
2025-07-26T23:49:26.564827,63773599,83053192,89813,307316,2336,40,0
2025-07-26T23:49:28.455727,64407358,82969107,86533,306621,2338,37,0
2025-07-26T23:49:30.342623,63625545,82804150,90877,306720,2338,37,1
2025-07-26T23:49:33.233288,64417775,82956556,89941,305406,2338,37,0
2025-07-26T23:49:35.124448,63954706,82705106,86775,307292,2338,37,0
2025-07-26T23:49:37.012510,64624884,83237502,92061,307014,2348,37,0
2025-07-26T23:49:39.900362,65009989,82814246,99533,307045,2342,37,0
2025-07-26T23:49:41.788445,64475097,83154792,88848,305500,2339,37,0
2025-07-26T23:49:43.678418,64869126,83964687,89230,305968,2343,37,0
2025-07-26T23:49:46.567939,64259862,82528759,90265,306730,2335,38,0
2025-07-26T23:49:48.458767,64218996,82974790,90144,306520,2342,37,0
2025-07-26T23:49:50.346706,64348494,83051010,101424,306865,2341,38,0
2025-07-26T23:49:52.234468,64315112,82920664,92174,306227,2335,37,0
2025-07-26T23:49:55.123796,64542950,82551895,91426,307280,2340,39,0
2025-07-26T23:49:57.012530,63454993,82590727,89891,306478,2335,37,2
2025-07-26T23:49:58.900579,63208546,82911351,87164,306982,2343,37,0
2025-07-26T23:50:01.789917,64557358,82896659,89934,305208,2341,38,0
2025-07-26T23:50:03.677704,63891719,83358771,97573,306750,2337,37,0
2025-07-26T23:50:05.564246,64324528,83765794,92095,307155,2338,37,0
2025-07-26T23:50:07.455433,63536754,82752073,89374,306985,2339,37,0
2025-07-26T23:50:10.344204,65216775,83185407,114013,307103,2337,38,1
2025-07-26T23:50:12.233638,64722626,82965753,90107,307552,2330,37,0
2025-07-26T23:50:14.120599,64359678,82623010,91030,307090,2338,38,0
2025-07-26T23:50:17.009411,65070179,84077954,90245,306117,2340,37,0
2025-07-26T23:50:18.898715,64117617,82849786,89078,307065,2337,38,0
2025-07-26T23:50:20.786530,64198241,82635390,93150,306877,2340,38,0
2025-07-26T23:50:22.675043,64162849,82560346,90603,305573,2336,37,0
2025-07-26T23:50:25.564272,65174668,84393189,87343,307053,2343,38,1
2025-07-26T23:50:27.491524,64254512,83578867,87398,307557,2338,38,0
2025-07-26T23:50:29.378712,63909010,82719600,88633,308044,2337,38,0
2025-07-26T23:50:32.266946,63864668,82618833,90937,307044,2341,37,2
2025-07-26T23:50:34.157952,63823889,83006863,89235,305784,2340,37,0
2025-07-26T23:50:36.044373,64326693,82706006,86657,307214,2336,37,3
2025-07-26T23:50:37.938541,64067681,82585393,92006,304322,2335,37,1
2025-07-26T23:50:40.825074,64133009,82558543,89704,306059,2338,38,0
2025-07-26T23:50:42.713053,63667223,82862279,86892,306564,2337,37,0
2025-07-26T23:50:44.600670,64799106,83360092,86832,307776,2345,37,0
2025-07-26T23:50:47.489959,64701569,83367537,87837,307122,2332,38,0
2025-07-26T23:50:49.380111,64466836,83441914,89761,306850,2335,37,0
2025-07-26T23:50:51.267001,64427334,82687771,88493,305505,2342,37,1
2025-07-26T23:50:53.156588,65749049,83852794,95301,306724,2342,38,1
2025-07-26T23:50:56.044741,64979585,83255510,89029,308184,2343,38,0
2025-07-26T23:50:57.934618,63879783,83491006,89651,307861,2341,37,0
2025-07-26T23:50:59.820619,64673830,83247054,88703,307780,2340,37,0
2025-07-26T23:51:02.709879,65169481,82746254,102793,307511,2347,38,0
2025-07-26T23:51:04.597257,64576954,82617598,89049,307285,2337,38,0
2025-07-26T23:51:06.486413,63151300,82611713,90077,307738,2341,38,1
2025-07-26T23:51:08.452240,64084116,82654839,88194,305951,2342,38,0
2025-07-26T23:51:11.340904,65298863,83290652,90053,307302,2339,38,0
2025-07-26T23:51:13.228994,64542956,82944711,87854,307367,2337,37,0
2025-07-26T23:51:15.115535,63850392,82629673,87133,306418,2338,37,0
2025-07-26T23:51:17.002874,63514632,82626976,92612,305067,2337,37,1
2025-07-26T23:51:19.890319,63953913,82749191,92252,306918,2345,38,0
2025-07-26T23:51:21.781385,63343814,83026701,92882,307773,2336,38,1
2025-07-26T23:51:23.668836,64835751,82976355,88167,306799,2338,37,0
2025-07-26T23:51:26.556397,64804616,83099486,90235,306748,2341,37,0
2025-07-26T23:51:28.446812,64132092,82630734,88120,306237,2339,38,1
2025-07-26T23:51:30.335005,63862799,82751941,92673,306053,2340,37,0
2025-07-26T23:51:33.224461,64754394,83072230,118140,309318,2343,38,1
2025-07-26T23:51:35.113669,65261698,83387969,91041,308456,2344,38,1
2025-07-26T23:51:37.003093,64591185,84323554,88649,305322,2333,37,0
2025-07-26T23:51:38.889304,63958902,82956194,96695,308025,2340,37,1
2025-07-26T23:51:41.778808,63775820,82876369,93041,307637,2344,38,1
2025-07-26T23:51:43.667736,64605735,83529893,88202,307339,2339,37,0
2025-07-26T23:51:45.553495,64368473,82816086,87685,306602,2336,37,0
2025-07-26T23:51:48.446214,63056007,82766493,89873,307648,2343,37,1
2025-07-26T23:51:50.336207,64846730,82625508,92111,306234,2341,37,0
2025-07-26T23:51:52.227888,64366355,82586012,89406,307434,2335,37,0
2025-07-26T23:51:54.114704,64049196,83155450,91793,305931,2340,37,0
2025-07-26T23:51:57.004306,64183783,83172202,88603,308429,2339,37,0
2025-07-26T23:51:58.892766,63641746,82765872,87826,307305,2339,37,1
2025-07-26T23:52:00.781345,64074550,82669490,88789,307576,2336,37,0
2025-07-26T23:52:03.669711,64943181,83830643,111779,307353,2339,37,1
2025-07-26T23:52:05.561010,64310241,82703966,91085,307727,2342,38,1
2025-07-26T23:52:07.504998,64180822,82996156,95138,308885,2339,40,2
2025-07-26T23:52:09.391012,64529554,83255448,89462,307658,2335,38,0
2025-07-26T23:52:12.278201,64188027,82610669,90173,306651,2339,37,1
2025-07-26T23:52:14.168018,64071032,83011660,90282,307774,2342,37,0
2025-07-26T23:52:16.054710,63904739,83362057,87462,307059,2343,37,0
2025-07-26T23:52:18.946835,64296258,83002961,90350,308547,2342,38,1
2025-07-26T23:52:20.836626,64548485,84276548,88414,307205,2339,37,1
2025-07-26T23:52:22.724795,64224952,83600565,95337,308608,2339,38,0
2025-07-26T23:52:24.614244,64837709,83435174,88422,307420,2348,37,1
2025-07-26T23:52:27.504579,64233117,82650624,81736,307112,2343,37,1
2025-07-26T23:52:29.395066,64096176,82682931,86935,305854,2338,37,0
2025-07-26T23:52:31.284246,64589378,83049298,88367,307719,2335,37,0
2025-07-26T23:52:34.172728,65151621,83628417,112495,307976,2341,37,0
2025-07-26T23:52:36.062771,64003228,82892696,88710,306846,2339,37,1
2025-07-26T23:52:37.964698,64086061,82860105,90692,306659,2339,37,0
2025-07-26T23:52:39.852398,63972874,83346948,91039,307078,2339,37,0
2025-07-26T23:52:42.741405,64777747,82715741,88649,305894,2343,40,0
2025-07-26T23:52:44.629423,64495005,82700437,87298,305335,2339,37,0
2025-07-26T23:52:46.516522,64176620,82629519,87878,306845,2338,38,0
2025-07-26T23:52:49.405167,63823510,82593307,91296,307258,2336,37,0
2025-07-26T23:52:51.294046,64326496,83128073,93055,307336,2343,37,1
2025-07-26T23:52:53.181021,64739171,83045262,89425,306543,2337,37,1
2025-07-26T23:52:55.069347,64457821,82537712,88610,307204,2337,38,0
2025-07-26T23:52:57.957007,64855926,83092978,89399,305725,2340,38,2
2025-07-26T23:52:59.848576,65125999,83612690,87846,307445,2348,37,0
2025-07-26T23:53:01.736365,63596839,82844569,91072,308132,2334,37,0
2025-07-26T23:53:04.625730,64848562,83224840,88879,305522,2345,37,0
2025-07-26T23:53:06.515078,63970606,83120921,88601,306535,2339,37,0
2025-07-26T23:53:08.414768,64270724,83249228,87960,306751,2338,38,1
2025-07-26T23:53:10.304420,65087299,82808165,88016,305987,2348,37,1
2025-07-26T23:53:13.193844,64349991,82497801,93274,306634,2337,38,1
2025-07-26T23:53:15.080833,64013102,82438313,90231,306616,2334,37,0
2025-07-26T23:53:16.969343,64698260,83542226,91050,307814,2342,37,0
2025-07-26T23:53:19.858009,65004132,83760596,92686,308822,2335,39,1
2025-07-26T23:53:21.747575,64555095,82656923,91918,305854,2337,37,0
2025-07-26T23:53:23.632732,64293182,83151821,89857,306808,2343,37,0
2025-07-26T23:53:25.520076,64710296,83210589,97157,307065,2335,37,0
2025-07-26T23:53:28.408134,64174063,82635766,91791,307402,2341,38,0
2025-07-26T23:53:30.299129,63931901,83251960,91132,306405,2342,37,0
2025-07-26T23:53:32.185208,65093908,83363197,92195,307899,2341,39,1
2025-07-26T23:53:35.073202,64110380,83158341,91694,307061,2344,38,0
2025-07-26T23:53:36.962980,64243778,82582703,91772,308435,2343,37,0
2025-07-26T23:53:38.874983,63433524,83105609,89617,307100,2338,37,1
2025-07-26T23:53:40.764629,64068081,82678885,86976,305818,2335,37,0
2025-07-26T23:53:43.653245,63919824,82671197,88735,305945,2338,37,1
2025-07-26T23:53:45.544190,64647275,82686575,113398,306658,2337,37,0
2025-07-26T23:53:47.434580,64080787,82725660,88014,306576,2344,37,0
2025-07-26T23:53:50.321804,64974639,83400871,90530,306624,2343,38,0
2025-07-26T23:53:52.210696,64636448,83374074,92713,307043,2338,37,0
2025-07-26T23:53:54.097160,63803453,82828184,88612,306642,2345,37,1
2025-07-26T23:53:55.986491,63801484,83078952,95330,308645,2341,40,0
2025-07-26T23:53:58.875940,63821313,82568190,88392,305526,2336,37,1
2025-07-26T23:54:00.766704,64540234,83472275,91938,307071,2341,37,0
2025-07-26T23:54:02.663976,63971273,82908572,88619,306796,2342,37,0
2025-07-26T23:54:05.552532,64747610,83205102,89758,306981,2336,37,0
2025-07-26T23:54:07.444916,64491011,82793840,90872,306479,2335,37,0
2025-07-26T23:54:09.331712,64363020,83173154,90699,308752,2339,40,0
2025-07-26T23:54:11.218686,64226806,82636870,89032,306507,2344,37,0
2025-07-26T23:54:14.105550,64736836,82864477,90139,307943,2339,37,0
2025-07-26T23:54:15.992848,64909387,83733153,111903,306796,2337,37,1
2025-07-26T23:54:17.879536,64562184,82995992,88105,305763,2340,38,0
2025-07-26T23:54:20.826659,64543059,83706426,90447,307711,2343,38,0
2025-07-26T23:54:22.714706,64652665,82682323,88494,305950,2341,38,1
2025-07-26T23:54:24.601907,64266052,82932039,89480,307654,2342,37,0
2025-07-26T23:54:26.487383,64534440,83178885,90663,307130,2339,37,0
2025-07-26T23:54:29.375748,64346899,82660503,88277,307014,2339,37,0
2025-07-26T23:54:31.268079,64207832,82750154,89817,307175,2343,37,0
2025-07-26T23:54:33.156435,63695669,82871490,90289,305328,2340,37,0
2025-07-26T23:54:36.044930,64472914,82954403,89730,307434,2338,38,0
2025-07-26T23:54:37.933446,64326053,83182612,88883,307265,2347,38,1
2025-07-26T23:54:39.820730,64886833,83504029,86933,305936,2343,37,0
2025-07-26T23:54:41.708146,64409209,82838224,92542,307664,2334,38,0
2025-07-26T23:54:44.596578,64796747,82656852,90152,307177,2339,37,0
2025-07-26T23:54:46.486819,64713584,83148772,101037,306650,2336,38,0
2025-07-26T23:54:48.374573,64024452,82894923,89982,306081,2342,37,0
2025-07-26T23:54:51.263161,64185726,82685097,91265,306404,2332,37,0
2025-07-26T23:54:53.152470,64381933,83074329,88854,306490,2339,37,1
2025-07-26T23:54:55.041249,64088729,82943016,87853,306505,2342,37,0
2025-07-26T23:54:56.928350,64657197,83034976,87898,308307,2338,38,0
2025-07-26T23:54:59.817107,64474854,83226354,86735,305718,2331,37,0
2025-07-26T23:55:01.744614,64176845,82561772,90294,306898,2345,38,1
2025-07-26T23:55:03.632058,64372698,82635178,88493,306374,2337,37,0
2025-07-26T23:55:06.521985,64662847,82955161,87781,305179,2340,37,1
2025-07-26T23:55:08.410027,64429340,84212664,95690,308277,2340,38,1
2025-07-26T23:55:10.297743,64898513,83388171,87149,307678,2336,39,0
2025-07-26T23:55:12.184077,64051799,82593497,91849,307202,2335,37,0
2025-07-26T23:55:15.070616,64302822,82540405,91326,306457,2340,37,0
2025-07-26T23:55:16.964264,63394390,82596523,85760,307702,2340,37,0
2025-07-26T23:55:18.852808,64440741,83892254,88188,306405,2348,37,1
2025-07-26T23:55:21.743135,64533199,83084461,93015,307546,2337,37,0
2025-07-26T23:55:23.632249,64317825,83282939,86194,307755,2339,39,0
2025-07-26T23:55:25.522041,63801381,82563753,91289,307087,2335,37,0
2025-07-26T23:55:27.408638,63866217,82642403,91810,307238,2337,37,1
2025-07-26T23:55:30.300482,63608982,82631461,90289,308058,2342,37,0
2025-07-26T23:55:32.190155,65131119,83454705,87273,306990,2335,39,0
2025-07-26T23:55:34.077002,63562161,82641365,91220,306749,2338,37,1
2025-07-26T23:55:36.965961,64361414,82923487,88391,307588,2344,37,0
2025-07-26T23:55:38.858379,64234150,82743573,88956,307235,2336,37,0
2025-07-26T23:55:40.745895,64808275,83635478,90168,306959,2335,37,0
2025-07-26T23:55:42.632228,63953619,82573058,91665,305749,2339,37,0
2025-07-26T23:55:45.520173,63949808,82658201,91042,307033,2345,37,0
2025-07-26T23:55:47.410172,64105786,82578944,89717,308044,2341,38,0
2025-07-26T23:55:49.312687,64245482,82804913,91336,306375,2341,38,0
2025-07-26T23:55:52.201089,64030206,83250688,88602,306507,2337,38,0
2025-07-26T23:55:54.090702,64162432,83057952,89597,307978,2341,38,0
2025-07-26T23:55:55.978636,63510474,82602607,87714,305518,2345,37,0
2025-07-26T23:55:57.864992,66918312,84102435,109607,306350,2338,37,0
2025-07-26T23:56:00.753920,64159189,83070334,95315,309306,2335,38,1
2025-07-26T23:56:02.642767,64704262,83174359,89529,305730,2339,37,1
2025-07-26T23:56:04.532968,63487407,82739695,82448,306998,2340,37,1
2025-07-26T23:56:07.421603,64135815,83055297,93578,307560,2337,37,0
2025-07-26T23:56:09.315357,63744822,82726379,85242,307262,2334,37,0
2025-07-26T23:56:11.201705,64920177,82731396,88175,306833,2340,37,0
2025-07-26T23:56:13.090583,64149597,82833404,93535,309007,2336,38,1
2025-07-26T23:56:15.978974,64225105,83337676,89213,308528,2343,37,0
2025-07-26T23:56:17.868331,63594924,82611151,88632,306854,2339,37,0
2025-07-26T23:56:19.769863,64067430,82582806,88378,306528,2340,39,0
2025-07-26T23:56:22.657876,64459234,82680582,89937,306253,2339,37,0
2025-07-26T23:56:24.546990,64066251,82672630,88848,308289,2337,38,0
2025-07-26T23:56:26.434458,64531655,83013394,89471,307744,2340,37,1
2025-07-26T23:56:28.322393,65708196,84357198,107276,307106,2338,40,0
2025-07-26T23:56:31.210160,66579216,86447910,90031,308827,2343,38,0
2025-07-26T23:56:33.100516,63674239,82773460,90581,306889,2349,37,0
2025-07-26T23:56:34.994411,64692052,83281465,89149,307395,2341,38,0
2025-07-26T23:56:37.889595,63603980,82625990,88783,308212,2335,39,1
2025-07-26T23:56:39.779656,64539181,82833456,91123,306393,2341,38,0
2025-07-26T23:56:41.665625,63669416,82605988,91294,306773,2338,38,1
2025-07-26T23:56:43.553084,63866057,82603463,89671,306062,2338,37,0
2025-07-26T23:56:46.444537,64112411,82635533,90775,307332,2342,37,0
2025-07-26T23:56:48.334533,63989713,83110475,89925,306839,2334,38,0
2025-07-26T23:56:50.252473,63482510,82513109,92374,305577,2332,37,1
2025-07-26T23:56:53.139322,64130609,82535142,88651,305867,2339,37,1
2025-07-26T23:56:55.026595,64043838,82726007,88032,306965,2342,37,0
2025-07-26T23:56:56.912927,64444533,83391367,94021,307672,2340,37,0
2025-07-26T23:56:58.802687,64674043,83124835,94334,307527,2345,37,0
2025-07-26T23:57:01.689659,65235134,83298171,92618,305713,2347,37,0
2025-07-26T23:57:03.576314,64716885,83454419,88455,307314,2342,38,1
2025-07-26T23:57:05.466882,63293076,82974579,89354,307160,2336,38,1
2025-07-26T23:57:08.355290,63760518,82909190,93243,307178,2340,37,0
2025-07-26T23:57:10.243104,64869941,83963677,90070,306675,2346,37,3
2025-07-26T23:57:12.130497,63956447,82751636,87836,307297,2335,37,0
2025-07-26T23:57:14.016520,64162841,83594549,92235,307456,2343,39,0
2025-07-26T23:57:16.904303,64481347,83101822,94286,306421,2337,37,0
2025-07-26T23:57:18.795174,63794133,82685173,88087,306998,2343,37,0
2025-07-26T23:57:20.681109,64951479,82874629,106232,306895,2344,37,0
2025-07-26T23:57:23.569501,64449497,82986763,93105,306016,2341,37,0
2025-07-26T23:57:25.458862,64293031,82736669,91028,306372,2340,37,0
2025-07-26T23:57:27.347978,64282909,82863745,89534,306632,2337,37,0
2025-07-26T23:57:29.235843,63974301,83429240,90238,307596,2343,38,1
2025-07-26T23:57:32.124767,64333961,82839854,93484,308202,2339,37,0
2025-07-26T23:57:34.012753,64420992,82590940,89975,306826,2339,37,0
2025-07-26T23:57:35.900268,64219717,82855429,87834,307073,2337,37,0
2025-07-26T23:57:38.788915,64360334,82669726,87521,305654,2334,37,0
2025-07-26T23:57:40.688956,65831196,83019391,103952,307343,2341,37,1
2025-07-26T23:57:42.576829,64952663,82900981,88445,307124,2342,37,0
2025-07-26T23:57:44.463296,64616242,82604955,87602,307018,2335,37,3
2025-07-26T23:57:47.351846,63717586,83166509,89828,307337,2335,37,0
2025-07-26T23:57:49.243135,64711591,82988095,89377,307320,2333,37,0
2025-07-26T23:57:51.128684,63868417,82956933,92178,307043,2336,39,2
2025-07-26T23:57:54.018905,64551368,82627742,88905,307487,2341,39,0
2025-07-26T23:57:55.908629,64698404,82752029,91632,306556,2340,38,0
2025-07-26T23:57:57.796429,64334788,82655409,88921,306502,2341,38,0
2025-07-26T23:58:00.684600,64813451,83024743,89276,305604,2336,39,0
2025-07-26T23:58:02.573180,63610116,82728307,91148,305858,2342,37,0
2025-07-26T23:58:04.463164,64162348,82832711,86933,305908,2342,39,0
2025-07-26T23:58:06.349417,64718859,83420586,92451,307042,2343,37,1
2025-07-26T23:58:09.237183,63677871,82841272,88110,306840,2342,37,0
2025-07-26T23:58:11.127006,63914249,83052788,92198,306035,2340,37,0
2025-07-26T23:58:13.012766,64173152,82952459,89818,306374,2344,37,0
2025-07-26T23:58:15.900318,64364142,82801556,87899,306655,2337,37,0
2025-07-26T23:58:17.789462,64638601,83146348,86011,307012,2341,39,0
2025-07-26T23:58:19.676809,64439428,83021887,90278,306819,2343,37,0
2025-07-26T23:58:21.564110,64417371,82726605,85954,307520,2337,37,0
2025-07-26T23:58:24.452281,65254939,84089552,90399,308491,2348,39,1
2025-07-26T23:58:26.340513,63745460,82705133,90169,306438,2337,37,0
2025-07-26T23:58:28.231347,63696407,82884183,91329,307387,2342,37,0
2025-07-26T23:58:31.121164,64017784,82926166,89825,307867,2339,39,0
2025-07-26T23:58:33.009767,63411959,82578129,90823,307243,2340,37,0
2025-07-26T23:58:34.896462,63208565,83306137,90040,307221,2342,38,0
2025-07-26T23:58:36.784278,64077024,82568819,89776,307049,2341,37,1
2025-07-26T23:58:39.673271,63930424,82952269,89823,306543,2334,37,1
2025-07-26T23:58:41.563908,64024585,83148909,93163,308763,2339,39,1
2025-07-26T23:58:43.454592,63954973,82660285,88999,305993,2339,38,0
2025-07-26T23:58:46.342800,63652132,82984105,91351,306623,2344,40,0
2025-07-26T23:58:48.232827,63997385,82827971,89915,305979,2344,37,0
2025-07-26T23:58:50.124546,64307480,83129859,88297,307711,2332,37,1
2025-07-26T23:58:52.012775,64504418,82698577,91282,307366,2340,39,1
2025-07-26T23:58:54.900969,64344489,82762259,87713,306984,2337,37,0
2025-07-26T23:58:56.790719,63973678,82869267,88206,307498,2341,38,0
2025-07-26T23:58:58.691648,64077664,82699476,89485,305237,2340,37,0
2025-07-26T23:59:01.582249,63789515,82580884,89004,306751,2344,37,0
2025-07-26T23:59:03.474091,64308525,82681819,90163,306583,2341,37,0
2025-07-26T23:59:05.362620,63676646,82634465,89062,307267,2336,39,0
2025-07-26T23:59:07.249007,64355995,83150262,93913,307488,2338,38,0
2025-07-26T23:59:10.137537,64721090,83153855,91711,306993,2335,37,0
2025-07-26T23:59:12.025543,64150007,83555034,88163,307374,2339,37,0
2025-07-26T23:59:13.911902,64093887,83290500,90004,307908,2337,38,2
2025-07-26T23:59:16.800937,64664009,83002873,90148,306584,2339,37,0
2025-07-26T23:59:18.687873,64548193,82907427,88783,305504,2345,38,1
2025-07-26T23:59:20.589410,63413715,82712530,83765,307115,2339,37,1
2025-07-26T23:59:22.481486,65004398,82622874,109751,307359,2341,37,0
2025-07-26T23:59:25.367764,63621940,82659544,89072,308006,2340,39,2
2025-07-26T23:59:27.259024,64292190,82773078,86347,306094,2346,37,0
2025-07-26T23:59:29.145407,63341417,82828994,92486,306591,2340,38,1
2025-07-26T23:59:32.038069,64142046,83176747,88277,308030,2335,38,1
2025-07-26T23:59:33.930912,63834273,83845716,97664,308655,2341,37,1
2025-07-26T23:59:35.820602,64550967,83427311,91894,307040,2331,37,0
2025-07-26T23:59:38.709140,63715443,82544734,94236,307191,2340,38,0
2025-07-26T23:59:40.599464,64201728,82761650,90266,308333,2331,39,2
2025-07-26T23:59:42.489840,64675469,83039289,88738,306224,2342,38,0
2025-07-26T23:59:44.377279,65202560,83501221,89766,307323,2345,37,0
2025-07-26T23:59:47.265991,64289070,83774512,89911,306511,2349,37,2
2025-07-26T23:59:49.157376,63830172,83164119,92097,306506,2341,37,1
2025-07-26T23:59:51.046236,64436952,83377053,91175,308123,2339,37,0
2025-07-26T23:59:53.934416,63453508,83301000,90554,308896,2344,38,1
2025-07-26T23:59:55.823161,63839725,82629475,90337,306573,2333,37,0
2025-07-26T23:59:57.710704,63514959,82670382,91536,307295,2340,38,0
2025-07-26T23:59:59.596763,63548995,82670318,89913,307366,2334,37,0
2025-07-27T00:00:02.486585,65576738,82637328,94323,306666,2342,37,0
2025-07-27T00:00:04.376270,63692288,83154411,85206,306822,2337,37,1
2025-07-27T00:00:06.264829,63077399,82618889,90444,308397,2337,39,1
2025-07-27T00:00:09.156195,64118691,82816203,86337,308074,2338,37,0
2025-07-27T00:00:11.044162,63548388,82638484,83866,307723,2334,37,1
2025-07-27T00:00:12.933299,64276926,82851617,91548,306897,2335,37,0
2025-07-27T00:00:14.819825,65195195,82593536,105613,307286,2340,38,0
2025-07-27T00:00:17.708002,64616431,82868977,89304,307693,2343,39,1
2025-07-27T00:00:19.597630,64124843,82809937,83603,305857,2342,38,1
2025-07-27T00:00:21.487033,63953961,82720389,91854,307448,2337,38,0
2025-07-27T00:00:24.376360,63606373,83189273,82993,307011,2343,37,0
2025-07-27T00:00:26.266265,64219204,82771324,89396,308107,2341,37,1
2025-07-27T00:00:28.156628,64327714,83244348,80341,307074,2339,38,0
2025-07-27T00:00:30.044614,63187383,82705466,95635,308021,2339,38,0
2025-07-27T00:00:32.934248,64065078,82653599,91805,308238,2335,37,1
2025-07-27T00:00:34.823153,63507959,82491885,92525,308185,2333,37,0
2025-07-27T00:00:36.708837,64167771,82690834,89855,305932,2344,37,0
2025-07-27T00:00:39.599525,64479354,82918508,91755,305948,2341,37,0
2025-07-27T00:00:41.491585,64632058,83559776,89325,307196,2338,40,0
2025-07-27T00:00:43.379519,63776294,82748126,88953,307820,2341,38,0
2025-07-27T00:00:45.268048,64336687,82893034,102024,307461,2343,38,3
2025-07-27T00:00:48.156542,63153964,82894767,91635,307708,2335,38,1
2025-07-27T00:00:50.044614,64261219,82890367,95993,305770,2332,37,0
2025-07-27T00:00:51.933245,64039396,82859867,92027,306279,2339,37,1
2025-07-27T00:00:54.824348,63322291,83839741,90334,307309,2340,39,0
2025-07-27T00:00:56.713337,63689044,82479589,89767,307111,2337,37,1
2025-07-27T00:00:58.601233,63986134,83214226,90225,308116,2337,38,1
2025-07-27T00:01:01.498405,64214367,82785761,92387,307002,2344,37,0
2025-07-27T00:01:03.388718,63824293,84086504,95099,307709,2341,37,1
2025-07-27T00:01:05.277737,64205596,82718590,103847,306751,2339,38,1
2025-07-27T00:01:07.164540,64751950,83176992,90258,307109,2341,39,1
2025-07-27T00:01:10.053552,64501848,82606750,91310,306047,2340,37,1
2025-07-27T00:01:11.951180,64572978,83048280,92904,306609,2340,37,0
2025-07-27T00:01:13.838612,64059253,82634224,90422,307580,2340,38,1
2025-07-27T00:01:16.728112,65034178,83119478,102042,307302,2339,37,1
2025-07-27T00:01:18.619271,64326402,82951025,90865,307499,2333,37,0
2025-07-27T00:01:20.505060,64357527,82528874,86800,306939,2343,37,0
2025-07-27T00:01:22.391735,63483368,82736051,91147,308086,2336,37,0
2025-07-27T00:01:25.280810,64090751,82535216,89207,306698,2340,37,1
2025-07-27T00:01:27.172810,64259130,82546676,90286,305263,2338,37,0
2025-07-27T00:01:29.069637,64178491,83117497,87895,306737,2340,37,0
2025-07-27T00:01:31.966043,64234917,83207781,90840,305295,2342,37,0
2025-07-27T00:01:33.854998,64228875,82900044,91640,307377,2336,37,0
2025-07-27T00:01:35.748276,64728398,83408395,91212,307233,2337,37,1
2025-07-27T00:01:37.633432,64465932,83323362,91571,306815,2339,38,0
2025-07-27T00:01:40.523469,64611916,82942117,91596,306808,2338,37,0
2025-07-27T00:01:42.411750,63496422,82750831,93370,306749,2339,37,0
2025-07-27T00:01:44.300182,64046649,82829974,92504,307782,2335,38,0
2025-07-27T00:01:47.189525,64240986,82588302,89759,305852,2342,37,0
2025-07-27T00:01:49.077477,64758031,83384036,90178,307129,2338,38,0
2025-07-27T00:01:50.981258,64385528,82779329,89432,305437,2338,37,0
2025-07-27T00:01:52.868898,64520267,82528450,88764,306339,2340,37,1
2025-07-27T00:01:55.761589,63240517,82875070,92616,307728,2343,38,0
2025-07-27T00:01:57.651853,64532303,83633980,91353,308140,2337,38,1
2025-07-27T00:01:59.539997,64515615,82588704,89497,306535,2336,39,0
2025-07-27T00:02:02.430941,63363181,82653570,89814,306286,2331,37,1
2025-07-27T00:02:04.320788,63667210,82570477,92413,305245,2340,37,0
2025-07-27T00:02:06.208821,64747486,83394109,88288,307044,2345,38,1
2025-07-27T00:02:08.095161,66008190,84611048,102316,309037,2343,38,1
2025-07-27T00:02:10.985808,64176613,82998569,91097,307703,2334,38,0
2025-07-27T00:02:12.875344,63432918,83034308,88262,306563,2345,37,1
2025-07-27T00:02:14.764829,63843516,83184745,92846,308147,2336,38,1
2025-07-27T00:02:17.654239,64150977,82577889,91500,307608,2346,37,0
2025-07-27T00:02:19.543574,63425263,82823417,92267,307797,2334,38,1
2025-07-27T00:02:21.433483,64068635,82766288,91544,307554,2342,38,0
2025-07-27T00:02:24.322768,64114437,83212670,84723,306998,2337,37,1
2025-07-27T00:02:26.214072,62767031,82845632,88128,307762,2348,38,1
2025-07-27T00:02:28.152743,64344588,83350177,91798,307060,2334,37,0
2025-07-27T00:02:30.039252,64265328,82824152,87263,307116,2345,38,0
2025-07-27T00:02:32.927779,64965401,83514985,88665,307435,2338,38,0
2025-07-27T00:02:34.821367,63773999,82691502,87946,306496,2342,37,0
2025-07-27T00:02:36.708765,63903090,82812325,90279,306562,2344,37,0
2025-07-27T00:02:38.595302,64968554,83237808,89420,307342,2342,38,0
2025-07-27T00:02:41.486401,63333730,82894062,91335,306864,2343,38,1
2025-07-27T00:02:43.375978,64526528,83357637,90300,307050,2336,38,0
2025-07-27T00:02:45.263647,64565120,83044972,88269,306779,2336,37,1
2025-07-27T00:02:48.153243,64667160,83336004,96807,306846,2339,37,0
2025-07-27T00:02:50.041604,63911602,82864161,89055,306635,2342,38,1
2025-07-27T00:02:51.934222,64286660,83049209,94267,306747,2342,38,0
2025-07-27T00:02:53.821345,64349467,82820573,89757,306647,2339,37,0
2025-07-27T00:02:56.709751,64514560,82593261,89082,306735,2340,38,0
2025-07-27T00:02:58.598040,64752156,82617692,97748,306609,2338,37,0
2025-07-27T00:03:00.491578,65286952,83052813,95691,306859,2339,38,1
2025-07-27T00:03:03.382277,63348768,83129689,90879,306961,2335,38,1
2025-07-27T00:03:05.272334,64369771,82765049,89042,306877,2347,37,0
2025-07-27T00:03:07.159992,64101210,83464258,89883,306890,2339,37,1
2025-07-27T00:03:09.051080,63722527,83399679,83475,308072,2336,38,0
2025-07-27T00:03:11.946716,63568371,82754680,86418,307872,2339,37,0
2025-07-27T00:03:13.836851,64319382,82678449,88699,305700,2337,37,0
2025-07-27T00:03:15.724598,64223277,82708342,87616,305282,2339,37,0
2025-07-27T00:03:18.613121,63708608,82706679,90373,307284,2334,39,1
2025-07-27T00:03:20.500883,64307140,82837957,91501,305608,2339,38,1
2025-07-27T00:03:22.388569,63647733,82805419,88127,306705,2338,37,0
2025-07-27T00:03:24.275666,64491247,82743098,86859,306174,2335,37,1
2025-07-27T00:03:27.162337,63945256,82967449,89871,307264,2344,37,1
2025-07-27T00:03:29.057782,65396227,83307639,107950,306165,2340,37,0
2025-07-27T00:03:30.950953,64206493,83876319,82174,305587,2334,37,1
2025-07-27T00:03:33.841404,65040168,82693296,85773,308262,2339,37,1
2025-07-27T00:03:35.732041,63586909,83104014,81941,308153,2340,38,1
2025-07-27T00:03:37.621067,63439845,82741594,90071,307308,2337,37,0
2025-07-27T00:03:39.510011,63799606,82979488,94223,308381,2337,38,0
2025-07-27T00:03:42.397436,63400394,82708552,81565,306640,2341,37,0
2025-07-27T00:03:44.285711,64423019,83057259,94187,306882,2337,37,1
2025-07-27T00:03:46.174121,64721781,82646661,90112,306256,2337,37,1
2025-07-27T00:03:49.062848,64447766,82667468,91363,307031,2341,38,0
2025-07-27T00:03:50.960421,63925703,82675800,94238,306896,2341,37,1
2025-07-27T00:03:52.850920,64833097,83448486,90487,307345,2338,37,0
2025-07-27T00:03:55.744233,64460018,82990242,89529,307289,2337,38,0
2025-07-27T00:03:57.649769,63693869,83134941,90696,306746,2341,40,0
2025-07-27T00:03:59.536621,64924647,83157061,88630,306113,2346,37,0
2025-07-27T00:04:01.425018,63894471,82889058,90971,306014,2334,38,0
2025-07-27T00:04:04.317728,64446482,82957693,88991,307674,2340,37,1
2025-07-27T00:04:06.208348,64025267,82890912,87670,307921,2338,37,1
2025-07-27T00:04:08.096346,63968542,82745722,93870,307079,2347,37,1
2025-07-27T00:04:09.988299,63699312,83016044,92786,307801,2341,39,1
2025-07-27T00:04:12.875048,63817151,82836715,89069,307668,2339,37,0
2025-07-27T00:04:14.783172,63716602,82639121,87827,306572,2343,37,1
2025-07-27T00:04:16.671606,64278283,83415522,93922,308839,2344,38,1
2025-07-27T00:04:19.562739,64162737,82633352,91205,306608,2346,38,0
2025-07-27T00:04:21.456154,64028600,82649438,91495,306643,2340,38,1
2025-07-27T00:04:23.346547,63611047,83033743,84565,306387,2340,38,0
2025-07-27T00:04:25.233188,64501331,83309943,88972,306052,2341,37,0
2025-07-27T00:04:28.121657,63726440,82624990,92576,306543,2337,37,1
2025-07-27T00:04:30.013253,63548659,82802686,88319,306556,2344,37,0
2025-07-27T00:04:31.899002,64947834,83047275,90216,307091,2343,37,1
2025-07-27T00:04:34.786770,64257365,82625496,90837,306791,2340,37,0
2025-07-27T00:04:36.675574,63821161,82997670,88830,308308,2346,38,0
2025-07-27T00:04:38.563039,64204934,82650275,88473,306564,2343,38,1
2025-07-27T00:04:40.458366,64132948,82535656,101476,307476,2339,37,0
2025-07-27T00:04:43.351939,64280678,83534973,89287,307698,2345,37,0
2025-07-27T00:04:45.240914,64107037,83322461,87092,308179,2340,37,0
2025-07-27T00:04:47.131160,64858879,83166924,95224,308923,2345,39,0
2025-07-27T00:04:50.024265,63938512,83347014,90207,307553,2334,37,0
2025-07-27T00:04:51.912111,64716886,82793715,87570,306179,2342,37,0
2025-07-27T00:04:53.800484,64983312,83984659,99701,307495,2342,37,0
2025-07-27T00:04:55.688861,64815159,82682536,91090,306179,2341,38,0
2025-07-27T00:04:58.577953,65198016,84263396,91078,306609,2342,38,0
2025-07-27T00:05:00.468399,63802524,83399376,88969,307269,2334,39,0
2025-07-27T00:05:02.355228,65066638,82642537,89071,306603,2335,37,0
2025-07-27T00:05:05.243572,65076745,83651062,92595,308161,2338,38,0
2025-07-27T00:05:07.132435,64280860,82653365,82980,306382,2340,37,0
2025-07-27T00:05:09.021808,64955139,83545204,82773,307579,2342,37,0
2025-07-27T00:05:10.908923,65369647,83000870,102962,305924,2337,37,1
2025-07-27T00:05:13.798232,65250303,82832331,89924,306359,2346,38,0
2025-07-27T00:05:15.687597,63917791,82909605,93287,307687,2336,38,1
2025-07-27T00:05:17.576394,64568925,83601995,89361,307634,2343,37,0
2025-07-27T00:05:20.465301,64871547,82732785,90645,307506,2338,38,1
2025-07-27T00:05:22.355312,63798774,82829332,89177,307325,2342,38,1
2025-07-27T00:05:24.243985,64254549,82584357,85149,307076,2341,39,0
2025-07-27T00:05:26.131223,64418925,82816296,83172,306645,2341,38,1
2025-07-27T00:05:29.020480,63887639,82906316,86806,306951,2343,37,2
2025-07-27T00:05:30.911948,62106062,83036161,89945,308321,2344,38,4
2025-07-27T00:05:32.800699,63404837,82589707,88388,307623,2339,37,0
2025-07-27T00:05:35.689414,63780278,82626047,91441,308646,2344,38,0
2025-07-27T00:05:37.579023,63398758,82505666,90173,306369,2340,38,0
2025-07-27T00:05:39.468966,63738986,82550493,87383,307206,2333,37,0
2025-07-27T00:05:41.356152,66849874,83218442,114623,306860,2334,39,1
2025-07-27T00:05:44.244902,63746628,82725248,85301,307380,2337,38,0
2025-07-27T00:05:46.135216,63972434,82605212,89456,306702,2340,37,0
2025-07-27T00:05:48.023383,64277557,83412174,90809,307039,2336,37,0
2025-07-27T00:05:50.909972,63818485,83290529,87081,306944,2345,37,0
2025-07-27T00:05:52.796944,63864521,83105092,91885,306455,2339,38,1
2025-07-27T00:05:54.683503,64268295,83664280,90201,307652,2340,37,1
2025-07-27T00:05:57.571937,63935187,82515554,92392,308201,2330,37,1
2025-07-27T00:05:59.465119,64434760,82921181,89594,306397,2344,37,1
2025-07-27T00:06:01.355827,63751503,82578099,91480,306513,2341,37,0
2025-07-27T00:06:03.250700,63584884,82568585,87842,306104,2346,38,1
2025-07-27T00:06:06.138471,63855685,83023219,90599,307798,2343,37,1
2025-07-27T00:06:08.028728,64387375,82876590,89569,306600,2341,37,1
2025-07-27T00:06:09.917270,64796883,83111713,87411,308401,2338,37,0
2025-07-27T00:06:11.812020,64209689,82753118,92662,305292,2333,37,0
2025-07-27T00:06:14.700929,62863323,83149509,88438,309439,2344,38,4
2025-07-27T00:06:16.657511,64873607,83258553,89865,308243,2341,39,1
2025-07-27T00:06:18.546544,64617014,82974177,87348,307844,2339,39,1
2025-07-27T00:06:21.441032,63884737,82615091,90596,306936,2335,37,1
2025-07-27T00:06:23.332171,64180246,83373793,83633,306566,2339,37,0
2025-07-27T00:06:25.220198,63705795,82453024,81038,306812,2335,37,0
2025-07-27T00:06:27.108431,63892351,82833412,91022,307439,2341,39,0
2025-07-27T00:06:29.998234,64800941,83204319,88322,306771,2341,37,0
2025-07-27T00:06:31.888604,63624262,82724293,87628,307323,2338,37,0
2025-07-27T00:06:33.776248,64934524,82707692,106134,307993,2344,37,0
2025-07-27T00:06:36.665613,64389984,82919081,87865,306237,2333,37,1
2025-07-27T00:06:38.556606,63587104,82608153,91508,306287,2337,37,0
2025-07-27T00:06:40.450223,64533428,82640611,89123,307783,2337,38,0
2025-07-27T00:06:42.338459,64833714,83993518,90807,308051,2346,37,0
2025-07-27T00:06:45.226767,63859019,82773007,89072,307223,2340,37,0
2025-07-27T00:06:47.116056,64088075,82552696,90353,306823,2342,37,0
2025-07-27T00:06:49.003600,64058694,82656485,88412,307323,2335,37,1
2025-07-27T00:06:51.892623,63345518,82778881,91022,307953,2341,39,0
2025-07-27T00:06:53.781754,64370695,83147228,107839,306809,2345,38,0
2025-07-27T00:06:55.668913,64140270,83187821,90116,306458,2345,38,1
2025-07-27T00:06:57.562115,62264292,82903349,93454,307432,2345,38,1
2025-07-27T00:07:00.458052,64585814,83067929,96529,307741,2340,37,0
2025-07-27T00:07:02.348162,64163292,82676457,89505,308174,2339,39,0
2025-07-27T00:07:04.235428,64718502,82690537,90152,307404,2335,38,1
2025-07-27T00:07:07.121561,64598139,83131808,92675,307680,2340,39,0
2025-07-27T00:07:09.011113,63957517,82779897,88262,307132,2340,37,0
2025-07-27T00:07:10.898907,63771620,83091292,91859,305936,2344,37,0
2025-07-27T00:07:12.786564,64384401,82835226,90998,305781,2341,37,1
2025-07-27T00:07:15.674360,64051889,83067483,90356,307715,2345,38,0
2025-07-27T00:07:17.562768,63645089,82840022,90405,307510,2338,39,0
2025-07-27T00:07:19.454840,63761643,82952606,89415,307520,2344,37,0
2025-07-27T00:07:22.341978,64153833,82637588,89395,306081,2344,38,0
2025-07-27T00:07:24.231417,64549468,82797328,90893,307421,2349,37,0
2025-07-27T00:07:26.117560,64480210,82672709,89761,306912,2338,37,0
2025-07-27T00:07:28.004191,63536383,83507670,92171,308193,2339,38,1
2025-07-27T00:07:30.893289,63950681,82672728,90711,308278,2340,39,0
2025-07-27T00:07:32.781665,64495617,83006624,87812,307202,2340,37,0
2025-07-27T00:07:34.669807,64588211,84043003,88804,307936,2335,37,0
2025-07-27T00:07:37.558359,64770866,83259750,89977,306632,2343,38,0
2025-07-27T00:07:39.451310,64200563,82719346,91633,307779,2336,39,0
2025-07-27T00:07:41.337557,64031095,83778092,86804,307122,2338,37,1
2025-07-27T00:07:43.225354,63709867,83211424,94168,307849,2343,39,0
2025-07-27T00:07:46.113184,63909747,83358513,96033,307193,2340,37,1
2025-07-27T00:07:48.003594,63505149,82918845,90184,307757,2346,38,1
2025-07-27T00:07:49.892718,63186700,82486625,91445,307182,2341,37,0
2025-07-27T00:07:52.781485,63297499,82829880,93484,307123,2337,38,0
2025-07-27T00:07:54.671873,64393836,83291514,90414,306243,2337,38,1
2025-07-27T00:07:56.560249,64552989,82958894,87955,306174,2343,37,1
2025-07-27T00:07:58.451504,64111701,82953346,90383,307038,2340,38,0
2025-07-27T00:08:01.339787,64460922,82905514,87927,306679,2342,37,0
2025-07-27T00:08:03.228734,64542378,83043464,89037,306385,2342,37,0
2025-07-27T00:08:05.115380,64473205,82594239,89149,307838,2338,38,0
2025-07-27T00:08:08.003840,64677739,82653431,89652,307547,2341,37,0
2025-07-27T00:08:09.895878,63290089,82839517,90483,307934,2345,37,0
2025-07-27T00:08:11.788689,63990298,83156296,90379,308114,2339,38,0
2025-07-27T00:08:13.676364,64523199,82675737,91948,307086,2341,37,0
2025-07-27T00:08:16.564664,64078912,82782674,103752,306632,2340,38,2
2025-07-27T00:08:18.460386,63698691,82840329,88646,306923,2337,38,1
2025-07-27T00:08:20.347969,64277145,83341867,91587,307151,2344,37,0
2025-07-27T00:08:23.236609,64809729,83215197,88232,307661,2341,37,0
2025-07-27T00:08:25.124173,63760211,82486544,90097,305324,2340,37,1
2025-07-27T00:08:27.014844,63627062,82570585,92315,307293,2342,37,1
2025-07-27T00:08:28.902766,63707118,82601397,83506,306865,2333,37,1
2025-07-27T00:08:31.792072,64228805,83101190,89890,307128,2343,37,0
2025-07-27T00:08:33.681295,63949275,82745349,83786,307460,2337,39,0
2025-07-27T00:08:35.571012,64036939,82865688,83942,307831,2348,38,0
2025-07-27T00:08:38.466145,64543436,84157512,89828,306132,2342,40,1
2025-07-27T00:08:40.357036,64577487,83689799,88167,308051,2334,37,0
2025-07-27T00:08:42.246548,63391872,82947392,90436,306109,2341,37,0
2025-07-27T00:08:44.132504,63978674,82668282,91458,306619,2339,37,0
2025-07-27T00:08:47.025133,64487937,83346891,110036,308155,2337,37,0
2025-07-27T00:08:48.913618,63378381,83478492,88211,307152,2345,37,0
2025-07-27T00:08:50.802014,64067228,82765392,92461,308044,2338,37,0
2025-07-27T00:08:53.689461,64265800,82673402,91158,305792,2343,37,0
2025-07-27T00:08:55.577564,64103850,82581375,90776,307657,2336,39,1
2025-07-27T00:08:57.468723,64485374,83775609,97995,307631,2348,38,2
2025-07-27T00:09:00.357165,63763714,82621522,90361,307918,2339,39,1
2025-07-27T00:09:02.246204,63991849,83193944,89532,307528,2343,37,1
2025-07-27T00:09:04.134864,64301802,82599371,91101,307102,2341,37,3
2025-07-27T00:09:06.026866,64904892,83630300,89215,308245,2337,37,0
2025-07-27T00:09:08.919898,63678515,82611834,90447,306817,2339,37,1
2025-07-27T00:09:10.811604,64603839,82504582,91974,306522,2336,37,0
2025-07-27T00:09:12.699221,64480919,83706822,86348,307089,2338,37,0
2025-07-27T00:09:15.588039,63743967,82959488,89483,308231,2333,38,0
2025-07-27T00:09:17.480263,63876086,83278131,88311,306884,2344,37,1
2025-07-27T00:09:19.367497,64568055,82719691,93104,306010,2339,38,0
2025-07-27T00:09:21.253113,64432930,83119668,90707,308081,2345,37,0
2025-07-27T00:09:24.141953,63985821,82690344,89011,307034,2342,39,0
2025-07-27T00:09:26.032362,64551378,82624463,91503,305436,2345,37,1
2025-07-27T00:09:27.920904,63281725,82619733,92637,305563,2341,37,0
2025-07-27T00:09:30.814379,63512375,83477215,89080,307768,2340,37,2
2025-07-27T00:09:32.703117,62676191,83253829,88052,307851,2345,38,1
2025-07-27T00:09:34.614865,64389637,83779395,88613,306288,2338,37,0
2025-07-27T00:09:36.500556,63767217,83258775,87022,307550,2339,37,0
2025-07-27T00:09:39.392238,63263374,82737175,90308,305723,2341,37,1
2025-07-27T00:09:41.284817,64522988,83276135,94292,306201,2339,37,0
2025-07-27T00:09:43.173748,64160829,82903398,82653,306910,2340,38,0
2025-07-27T00:09:45.060857,64974938,83205663,90345,305607,2337,37,0
2025-07-27T00:09:47.952542,64514809,83911579,89288,306663,2340,37,0
2025-07-27T00:09:49.841533,64494831,83412290,88294,307606,2332,37,0
2025-07-27T00:09:51.730366,63926842,82749184,88688,306867,2343,37,2
2025-07-27T00:09:54.618364,64415367,82607175,89376,305194,2342,37,0
2025-07-27T00:09:56.508179,64290024,82894211,90126,306607,2339,38,0
2025-07-27T00:09:58.395819,65351395,83270626,115505,310086,2338,39,2
2025-07-27T00:10:01.284802,63381513,82945791,92427,308330,2336,38,2
2025-07-27T00:10:03.171329,63951947,82738621,90704,307047,2343,39,1
2025-07-27T00:10:05.057815,64437562,82937933,89266,306768,2342,37,0
2025-07-27T00:10:06.946804,63559138,82717042,89651,306646,2340,37,1
2025-07-27T00:10:09.834076,65987706,82912788,108269,304708,2340,38,0
2025-07-27T00:10:11.722937,64841139,83330847,90396,306915,2340,39,0
2025-07-27T00:10:13.608787,63914208,82680661,90435,304946,2341,38,0
2025-07-27T00:10:16.498632,63890704,82781543,91697,306547,2338,37,1
2025-07-27T00:10:18.391161,64054032,83378774,91644,307384,2342,38,1
2025-07-27T00:10:20.279228,65000799,83891032,88574,306897,2344,38,1
2025-07-27T00:10:22.168648,64463045,83225928,89282,306834,2337,38,1
2025-07-27T00:10:25.056974,64416536,82687902,90615,306108,2334,38,1
2025-07-27T00:10:26.951674,63757692,82675990,88160,307654,2333,37,0
2025-07-27T00:10:28.840349,65724416,82898013,106879,306090,2345,37,0
2025-07-27T00:10:31.728582,64629282,82868695,90943,306389,2340,37,0
2025-07-27T00:10:33.620540,63517582,82870566,93773,309099,2343,38,1
2025-07-27T00:10:35.507940,64515508,83240249,88678,305167,2341,37,0
2025-07-27T00:10:37.396040,63727598,82639971,87212,306387,2334,37,0
2025-07-27T00:10:40.286154,65437081,82877740,106463,305133,2336,37,0
2025-07-27T00:10:42.173571,64643613,82683232,88043,306446,2338,37,0
2025-07-27T00:10:44.062678,63877985,82737770,88846,306499,2333,38,0
2025-07-27T00:10:46.958945,64690996,82954863,92752,307014,2345,38,0
2025-07-27T00:10:48.847346,64374028,82818636,91067,306092,2342,38,1
2025-07-27T00:10:50.733179,63253049,82662404,89145,307127,2337,37,0
2025-07-27T00:10:53.621689,64702198,82748219,90287,306691,2341,38,0
2025-07-27T00:10:55.510408,64386493,82612901,88354,307127,2345,37,0
2025-07-27T00:10:57.396673,62773494,82654197,90494,308163,2339,39,0
2025-07-27T00:10:59.284522,65187834,82966257,103695,306494,2338,38,0
2025-07-27T00:11:02.172944,64864751,83007056,90847,307609,2340,38,0
2025-07-27T00:11:04.070924,63909603,82604330,89854,305394,2342,37,0
2025-07-27T00:11:05.966632,65138038,83137168,90265,306080,2337,37,0
2025-07-27T00:11:08.858768,64191145,82845184,88810,306502,2340,37,0
2025-07-27T00:11:10.747773,64853291,83062141,91587,307293,2341,37,0
2025-07-27T00:11:12.632895,64789446,82977622,88083,306823,2339,37,0
2025-07-27T00:11:14.520578,64733668,83468956,91989,306733,2338,37,0
2025-07-27T00:11:17.409172,64235344,82988175,89783,306557,2338,38,1
2025-07-27T00:11:19.301194,64433869,82667188,87519,305500,2341,37,1
2025-07-27T00:11:21.189026,64462681,82799771,88513,305772,2338,38,0
2025-07-27T00:11:24.076939,63401366,82724787,92107,305997,2335,37,1
2025-07-27T00:11:25.973493,63642274,82576276,90567,305358,2342,37,1
2025-07-27T00:11:27.863215,63893454,82892266,89015,306321,2344,37,1
2025-07-27T00:11:30.753521,64998002,83185490,113312,308021,2341,37,1
2025-07-27T00:11:32.644536,64079109,83260515,91068,307708,2338,39,2
2025-07-27T00:11:34.533336,64520757,83440899,93127,307520,2337,39,0
2025-07-27T00:11:36.418034,65347623,84104936,91652,306584,2343,37,0
2025-07-27T00:11:39.309976,63996874,83356275,94216,309207,2343,39,0
2025-07-27T00:11:41.198962,64282316,82880002,86652,305729,2340,37,0
2025-07-27T00:11:43.085839,64286203,82753142,88632,307277,2345,37,0
2025-07-27T00:11:45.980279,64505067,82922494,87385,306315,2339,38,0
2025-07-27T00:11:47.868626,63990908,84015459,89725,307067,2344,37,0
2025-07-27T00:11:49.756639,64491417,82865264,87009,306394,2335,37,0
2025-07-27T00:11:51.646358,64125096,82737644,88081,305890,2342,37,0
2025-07-27T00:11:54.533956,64346572,82818361,92945,307158,2341,37,0
2025-07-27T00:11:56.424344,64043866,83042033,90090,306759,2342,38,1
2025-07-27T00:11:58.311934,64084096,82663800,91391,307121,2340,39,2
2025-07-27T00:12:01.203909,64108625,82624452,90867,306084,2340,38,1
2025-07-27T00:12:03.092747,63341765,82487421,89288,306879,2336,38,2
2025-07-27T00:12:04.983783,64049976,82746494,87877,306568,2344,37,1
2025-07-27T00:12:06.872274,64852639,82876009,90300,306364,2340,37,0
2025-07-27T00:12:09.760935,64565798,82785471,89387,304944,2343,37,0
2025-07-27T00:12:11.647056,64395018,82584403,89764,307450,2336,38,0
2025-07-27T00:12:13.533750,64272820,82658862,89863,307197,2336,37,0
2025-07-27T00:12:16.423121,64108891,82619258,91475,305931,2338,38,0
2025-07-27T00:12:18.313689,64208971,82781727,89594,305946,2341,37,0
2025-07-27T00:12:20.200483,62840268,82724521,89735,307992,2337,38,0
2025-07-27T00:12:23.089158,64415993,82672043,95221,306466,2347,37,0
2025-07-27T00:12:24.983752,64438287,82696254,88709,306757,2335,37,0
2025-07-27T00:12:26.869753,64476401,83434163,92587,306264,2340,37,0
2025-07-27T00:12:28.772759,65017768,83430271,90739,306818,2336,37,0
2025-07-27T00:12:31.661813,64401809,82646590,90477,304546,2343,37,0
2025-07-27T00:12:33.552534,64818180,82767490,90592,307802,2334,38,0
2025-07-27T00:12:35.448148,64464146,82554698,89137,306233,2341,38,0
2025-07-27T00:12:38.336997,64169665,83067063,89626,305694,2344,37,1
2025-07-27T00:12:40.228750,63763381,82985744,87220,307088,2346,37,0
2025-07-27T00:12:42.118708,65707974,82969705,109518,306832,2339,37,0
2025-07-27T00:12:44.004043,64005678,83179509,90866,307077,2334,39,0
2025-07-27T00:12:46.892069,63579663,82730721,88120,307147,2334,37,0
2025-07-27T00:12:48.781483,64700496,82882205,93993,306533,2337,37,0
2025-07-27T00:12:50.669506,64080994,82967280,90973,307350,2335,38,0
2025-07-27T00:12:53.558137,64988004,82700131,100184,305821,2334,37,0
2025-07-27T00:12:55.459652,64563322,82678408,90786,307122,2342,38,0
2025-07-27T00:12:57.347549,65018896,83380442,88170,308927,2337,38,0
2025-07-27T00:12:59.235163,64338286,82830880,89923,306810,2342,37,0
2025-07-27T00:13:02.125435,63464895,82696513,90673,305516,2331,37,0
2025-07-27T00:13:04.012667,64670152,82882077,89607,307333,2336,37,0
2025-07-27T00:13:05.899068,63250017,83230666,93322,306599,2343,37,0
2025-07-27T00:13:08.786776,64099542,82571719,89882,306511,2342,37,0
2025-07-27T00:13:10.676718,64912993,83197675,92221,307062,2343,38,0
2025-07-27T00:13:12.564625,65656732,82577534,109732,305003,2338,37,0
2025-07-27T00:13:15.457128,64320675,84059296,89817,307454,2342,37,1
2025-07-27T00:13:17.350296,63723582,82835484,90360,306615,2338,37,0
2025-07-27T00:13:19.241325,64260364,82954713,87209,307267,2340,37,1
2025-07-27T00:13:21.129323,64316930,82618963,90055,307419,2341,38,3
2025-07-27T00:13:24.017839,64310892,82746854,89214,307325,2339,37,0
2025-07-27T00:13:25.906780,64030431,82614619,89294,306475,2339,37,0
2025-07-27T00:13:27.798203,64102892,82612117,88118,307444,2338,37,0
2025-07-27T00:13:30.685738,64330124,82504329,89558,306402,2335,37,0
2025-07-27T00:13:32.577677,63496905,82753169,88588,307271,2343,39,0
2025-07-27T00:13:34.470172,64355190,82611040,87924,306026,2341,37,0
2025-07-27T00:13:36.357573,65386429,83910824,99115,306706,2336,37,0
2025-07-27T00:13:39.244381,64216087,82749800,90361,305802,2344,37,0
2025-07-27T00:13:41.133851,63175902,82581258,89161,306813,2341,37,0
2025-07-27T00:13:43.031172,64430998,82608895,106217,307464,2338,37,0
2025-07-27T00:13:45.918787,64036435,84219223,89955,305138,2343,38,0
2025-07-27T00:13:47.809558,64339195,83506753,91701,306993,2340,37,0
2025-07-27T00:13:49.698828,64550444,83577304,89014,305123,2342,37,0
2025-07-27T00:13:52.585132,64412693,82753248,90836,305114,2344,37,0
2025-07-27T00:13:54.498500,63969711,82708257,88846,305838,2340,37,0
2025-07-27T00:13:56.386157,63768625,82619953,89291,307416,2338,37,2
2025-07-27T00:13:58.276502,64206170,82621069,88417,306596,2338,37,1
2025-07-27T00:14:01.164641,64788904,82972749,91100,306201,2335,37,0
2025-07-27T00:14:03.052525,64956135,83912653,92600,307524,2341,37,0
2025-07-27T00:14:04.944946,64308152,82558617,89156,306247,2339,38,0
2025-07-27T00:14:07.833418,64649964,82621866,90145,307013,2339,38,1
2025-07-27T00:14:09.724113,63893537,82676850,91195,307430,2336,37,1
2025-07-27T00:14:11.631315,63751904,83007724,90501,307629,2338,38,1
2025-07-27T00:14:13.519594,65909321,83145276,116010,306465,2347,38,0
2025-07-27T00:14:16.407106,64055332,82695695,81161,305887,2343,39,0
2025-07-27T00:14:18.296006,63838842,82807762,89390,304136,2336,37,0
2025-07-27T00:14:20.183505,64155124,82753589,90733,305962,2340,37,0
2025-07-27T00:14:23.071482,63885416,82650469,90861,306618,2341,37,1
2025-07-27T00:14:24.968339,64495453,82846544,88692,305808,2341,37,0
2025-07-27T00:14:26.855494,63762363,82800212,88800,306945,2335,37,3
2025-07-27T00:14:28.743145,64821881,82630693,90417,305661,2338,37,1
2025-07-27T00:14:31.633614,63452204,82891505,90061,308377,2341,37,0
2025-07-27T00:14:33.521650,63590839,82673164,88574,306449,2337,38,0
2025-07-27T00:14:35.409301,63653863,82835555,87180,307762,2335,38,0
2025-07-27T00:14:38.297583,64631337,82906350,87571,306818,2342,38,0
2025-07-27T00:14:40.199796,64128915,82621015,90180,305900,2341,37,1
2025-07-27T00:14:42.087729,63514476,83036024,90539,306047,2338,37,2
2025-07-27T00:14:43.976111,63996561,83104343,91895,308586,2336,39,3
2025-07-27T00:14:46.865554,64399131,83582147,96157,308055,2341,38,0
2025-07-27T00:14:48.754448,63615255,82920022,89783,307300,2338,37,1
2025-07-27T00:14:50.643676,63226737,83079909,93166,307407,2340,37,1
2025-07-27T00:14:53.533519,63930560,82515858,91414,306357,2343,38,1
2025-07-27T00:14:55.423882,63908659,82619512,91938,307098,2346,38,2
2025-07-27T00:14:57.316214,63534588,82767735,93966,308666,2334,41,1
2025-07-27T00:14:59.203126,64917774,83270554,96901,306799,2340,37,1
2025-07-27T00:15:02.092128,64082741,82829733,90104,305636,2338,38,2
2025-07-27T00:15:03.987641,64758372,82907061,87208,305921,2338,37,0
2025-07-27T00:15:05.874819,66254995,83131080,105126,307967,2337,37,0
2025-07-27T00:15:08.762022,64155749,82890592,81430,305946,2341,37,1
2025-07-27T00:15:10.650569,64051282,83262949,87196,305348,2339,37,1
2025-07-27T00:15:12.540276,64487570,83883667,90278,305913,2332,37,0
2025-07-27T00:15:15.432238,63461570,83078778,90928,307689,2340,37,1
2025-07-27T00:15:17.322588,64576992,83495404,86066,306849,2347,37,1
2025-07-27T00:15:19.211612,64190715,83109317,94690,306226,2339,37,1
2025-07-27T00:15:21.100566,64538006,83932357,81104,306425,2340,39,2
2025-07-27T00:15:23.993679,64628445,83402494,90674,307140,2336,37,1
2025-07-27T00:15:25.883643,65255544,82690674,107108,305805,2337,37,1
2025-07-27T00:15:27.772948,63999614,82891627,88864,305934,2337,37,1
2025-07-27T00:15:30.662538,64058639,82588744,91698,305329,2336,38,2
2025-07-27T00:15:32.552907,64056004,82770812,89222,308002,2334,38,1
2025-07-27T00:15:34.468488,64180212,83042077,89400,305850,2345,37,1
2025-07-27T00:15:36.356204,65481945,82772118,110660,307058,2337,38,0
2025-07-27T00:15:39.245957,63514473,83910117,91087,306573,2343,37,0
2025-07-27T00:15:41.135007,63696467,83061440,91137,305974,2344,37,0
2025-07-27T00:15:43.021189,64220537,83256073,89586,306602,2343,37,0
2025-07-27T00:15:45.910642,63671218,82947825,92592,308247,2341,38,0
2025-07-27T00:15:47.800071,63337283,82888311,81543,307452,2340,37,0
2025-07-27T00:15:49.686870,63446064,82719195,81599,307917,2345,37,0
2025-07-27T00:15:51.573338,63823548,82949152,84398,307915,2344,39,0
2025-07-27T00:15:54.465576,64852673,84397244,90434,307908,2337,37,0
2025-07-27T00:15:56.355432,64959725,83129754,108847,307120,2336,39,0
2025-07-27T00:15:58.276748,64225986,82912466,87459,306086,2347,38,0
2025-07-27T00:16:01.164707,64439109,82818587,92896,306296,2339,37,0
2025-07-27T00:16:03.052832,63737156,83002605,90983,307040,2341,38,0
2025-07-27T00:16:04.945576,63997910,82686698,89414,305778,2345,37,0
2025-07-27T00:16:06.831798,64569620,83023443,114413,308300,2343,37,1
2025-07-27T00:16:09.722590,64043942,83327647,90477,307338,2340,37,1
2025-07-27T00:16:11.613560,64572272,83174012,91830,306548,2342,37,0
2025-07-27T00:16:13.503923,64182782,82844084,89714,305888,2337,37,0
2025-07-27T00:16:16.393008,64192946,82947303,90406,305926,2340,37,0
2025-07-27T00:16:18.282677,63847447,82745029,90342,307380,2339,37,0
2025-07-27T00:16:20.169140,63884564,82877692,91748,307787,2344,38,0
2025-07-27T00:16:23.057929,63945265,82853141,96357,305899,2342,38,1
2025-07-27T00:16:24.951206,64170633,82922965,91505,306372,2339,38,1
2025-07-27T00:16:26.839590,64278624,83011898,99586,307976,2337,37,1
2025-07-27T00:16:28.727581,64097940,82632109,88469,305956,2335,37,0
2025-07-27T00:16:31.617206,63764117,83407719,88978,306645,2342,38,1
2025-07-27T00:16:33.507648,64366859,83367173,87030,308388,2338,37,0
2025-07-27T00:16:35.394779,63925731,82995610,88668,306543,2336,37,0
2025-07-27T00:16:38.281712,65013125,83430226,91020,307933,2341,37,1
2025-07-27T00:16:40.228471,63730862,82668946,92582,306666,2342,37,0
2025-07-27T00:16:42.115873,64247686,82713748,87349,307451,2335,37,1
2025-07-27T00:16:44.004126,64663027,82672032,89180,307144,2338,38,0
2025-07-27T00:16:46.891937,64117257,82757744,91376,307441,2340,37,1
2025-07-27T00:16:48.784303,64675207,83091593,88345,307047,2343,37,0
2025-07-27T00:16:50.671914,64271976,83732873,88847,306814,2345,37,0
2025-07-27T00:16:53.561132,64406658,83622643,88996,306920,2342,37,0
2025-07-27T00:16:55.454975,64562467,82665015,87092,306734,2337,39,0
2025-07-27T00:16:57.344414,63581445,82857319,89994,306356,2341,38,0
2025-07-27T00:16:59.230913,64881920,84077124,93924,307036,2341,37,0
2025-07-27T00:17:02.120543,66260041,83466849,84677,305113,2344,37,0
2025-07-27T00:17:04.011143,64519722,82684890,88786,307104,2340,38,0
2025-07-27T00:17:05.898278,64219774,82647094,89869,305135,2339,37,0
2025-07-27T00:17:08.785962,63794312,82908322,85339,308023,2343,39,0
2025-07-27T00:17:10.676812,64761372,82837506,89253,308524,2341,38,0
2025-07-27T00:17:12.563307,63389995,82668567,82460,307890,2339,37,0
2025-07-27T00:17:14.457242,63919646,82582548,92235,307706,2344,37,1
2025-07-27T00:17:17.347760,63843932,82715876,90193,306577,2343,38,0
2025-07-27T00:17:19.238364,64875735,83190966,81950,307185,2336,37,0
2025-07-27T00:17:21.127243,63623112,82736452,89436,307792,2341,38,1
2025-07-27T00:17:24.022041,64378427,83180041,91142,305192,2344,38,0
2025-07-27T00:17:25.909713,63715338,82651435,90913,306977,2339,37,0
2025-07-27T00:17:27.801002,63464255,83146616,96754,306887,2342,37,0
2025-07-27T00:17:29.688609,64448166,82937986,91420,306355,2344,38,0
2025-07-27T00:17:32.576616,64568211,83167039,90626,306670,2334,37,0
2025-07-27T00:17:34.469866,64267540,82738636,90677,307695,2340,39,0
2025-07-27T00:17:36.357359,64055957,82964939,89942,306902,2342,38,1
2025-07-27T00:17:39.246542,64646097,82801344,91608,306370,2336,37,0
2025-07-27T00:17:41.144508,64817403,83196290,90905,305960,2337,37,0
2025-07-27T00:17:43.032321,64881444,83006620,89791,306116,2343,37,0
2025-07-27T00:17:45.920850,65024459,85143789,90965,308785,2340,38,0
2025-07-27T00:17:47.811599,63413304,82856669,91862,306785,2341,37,1
2025-07-27T00:17:49.701198,64830405,83675444,103373,307991,2340,38,0
2025-07-27T00:17:51.588909,64974127,83200932,91830,307426,2342,37,0
2025-07-27T00:17:54.477121,63779494,82875328,91024,306268,2341,37,1
2025-07-27T00:17:56.368015,64514749,82654943,89962,306212,2339,37,3
2025-07-27T00:17:58.257882,64856461,82939920,91868,306994,2340,38,0
2025-07-27T00:18:01.146049,63353727,82606959,91510,305602,2343,37,1
2025-07-27T00:18:03.035729,63655671,82680863,94361,306254,2346,37,1
2025-07-27T00:18:04.921102,63944478,82684557,91878,306035,2344,37,1
2025-07-27T00:18:06.812841,63969743,82801113,88686,306480,2338,37,1
2025-07-27T00:18:09.701964,65134739,83883172,102783,308516,2343,39,3
2025-07-27T00:18:11.593213,64321968,83177732,86921,308214,2330,38,1
2025-07-27T00:18:13.487641,64240726,83277606,95562,307954,2338,38,1
2025-07-27T00:18:16.376626,63698148,82628840,91261,308291,2338,37,1
2025-07-27T00:18:18.270022,63268666,82646655,89980,307204,2334,37,1
2025-07-27T00:18:20.158199,63944217,82807471,92025,306203,2337,38,1
2025-07-27T00:18:23.045954,63979742,83051360,93560,308581,2339,37,1
2025-07-27T00:18:24.939082,64792698,82800855,90303,307063,2344,38,0
2025-07-27T00:18:26.824860,64531978,82592768,87888,307065,2344,37,0
2025-07-27T00:18:28.750802,63672360,82603645,88384,306646,2341,37,1
2025-07-27T00:18:31.640757,64049898,82650336,91836,306028,2343,38,1
2025-07-27T00:18:33.532336,64029040,82621194,92839,306529,2345,37,0
2025-07-27T00:18:35.420179,63430548,83135983,90927,306803,2344,37,0
2025-07-27T00:18:38.313093,63989759,83325347,95020,307364,2343,37,3
2025-07-27T00:18:40.203502,63291809,83564195,105119,306788,2336,37,0
2025-07-27T00:18:42.090614,64916906,82870081,89737,307490,2340,37,0
2025-07-27T00:18:43.979696,63678399,82801069,90814,306889,2338,38,1
2025-07-27T00:18:46.870144,63793913,83058857,88834,307176,2343,37,0
2025-07-27T00:18:48.759138,64282782,82735273,90313,304894,2344,37,1
2025-07-27T00:18:50.664889,64248420,82596891,89418,305820,2345,37,1
2025-07-27T00:18:53.554830,65052711,83266739,91946,306164,2348,37,0
2025-07-27T00:18:55.450343,64674525,82624318,90146,306729,2339,37,0
2025-07-27T00:18:57.336890,64186087,82597457,90523,306938,2340,38,0
2025-07-27T00:18:59.223142,64652444,82546812,90112,306757,2345,37,0
2025-07-27T00:19:02.110807,65624357,83067209,108464,308351,2341,39,0
2025-07-27T00:19:03.999767,63403775,82778352,91787,308618,2345,38,1
2025-07-27T00:19:05.888628,64935373,84305531,94473,307384,2342,37,1
2025-07-27T00:19:08.777948,64577491,82892504,90595,307149,2339,38,1
2025-07-27T00:19:10.668412,64875587,83202103,89752,307461,2345,37,1
2025-07-27T00:19:12.555024,63953493,82684849,88690,307977,2337,38,0
2025-07-27T00:19:14.448138,63915067,83020005,90542,307509,2342,37,1
2025-07-27T00:19:17.341607,64901729,82987707,91039,306958,2343,37,0
2025-07-27T00:19:19.232682,64284567,83110748,94897,308398,2341,38,2
2025-07-27T00:19:21.123209,62495337,83291551,88517,307163,2338,38,1
2025-07-27T00:19:24.017974,64977161,83934707,92214,307051,2347,38,1
2025-07-27T00:19:25.911097,64842912,83349689,91954,305752,2342,37,0
2025-07-27T00:19:27.799330,63924250,82643431,90114,305515,2340,37,1
2025-07-27T00:19:30.688835,64423791,82814694,91517,305841,2341,37,0
2025-07-27T00:19:32.575948,64761197,82681360,90149,306655,2340,39,0
2025-07-27T00:19:34.469634,63966354,82692928,91162,307788,2339,38,1
2025-07-27T00:19:36.358207,64607568,82975044,89427,308775,2344,37,0
2025-07-27T00:19:39.245664,64702692,83336053,88654,306698,2341,37,0
2025-07-27T00:19:41.135397,64227737,82568786,89602,306610,2341,37,0
2025-07-27T00:19:43.023530,63871347,82919472,90282,305325,2343,37,1
2025-07-27T00:19:45.913395,63234647,82769283,92686,307969,2334,38,0
2025-07-27T00:19:47.803760,64081169,82549200,88855,306956,2334,37,1
2025-07-27T00:19:49.692695,64159265,82953671,90301,305253,2344,38,0
2025-07-27T00:19:51.579219,64666397,83272175,91463,307260,2336,38,0
2025-07-27T00:19:54.468447,64092008,82694423,89641,307284,2343,39,1
2025-07-27T00:19:56.358891,64310147,82732877,89424,305974,2342,37,0
2025-07-27T00:19:58.244481,63198532,82605317,91654,307110,2341,37,1
2025-07-27T00:20:01.134407,63883482,82778437,90522,306565,2346,37,1
2025-07-27T00:20:03.025148,63821622,82882324,83516,306910,2343,38,0
2025-07-27T00:20:04.912381,63823780,82622007,83877,306497,2340,37,0
2025-07-27T00:20:07.803471,64407892,82921779,93033,306958,2336,38,0
2025-07-27T00:20:09.692866,63396157,82838860,91531,307251,2337,37,0
2025-07-27T00:20:11.580086,63847840,82589743,89022,306325,2335,38,1
2025-07-27T00:20:13.475625,63486093,82669468,91442,306147,2341,38,1
2025-07-27T00:20:16.369534,64313062,82828884,93197,306313,2339,37,0
2025-07-27T00:20:18.258414,64032287,83775980,88870,306881,2346,37,1
2025-07-27T00:20:20.149574,63794609,82998538,88300,307378,2342,39,1
2025-07-27T00:20:23.037929,64414795,83009071,103239,306672,2340,38,0
2025-07-27T00:20:24.926171,63526864,82702045,92213,306896,2346,37,0
2025-07-27T00:20:26.818508,62618423,82762239,92666,306868,2343,37,1
2025-07-27T00:20:28.707328,63923880,83112714,90284,308647,2337,37,1
2025-07-27T00:20:31.595979,64829256,83017443,88669,308407,2338,39,0
2025-07-27T00:20:33.487402,63713907,82746359,90897,308664,2341,38,2
2025-07-27T00:20:35.376166,64705743,83070417,89041,306667,2343,37,0
2025-07-27T00:20:38.265091,64332687,82612155,89438,306153,2343,37,0
2025-07-27T00:20:40.156608,65271203,84112982,90906,307339,2340,37,0
2025-07-27T00:20:42.044153,64439567,82781835,89175,306597,2340,37,0
2025-07-27T00:20:44.934677,63678391,82962262,91823,305090,2341,37,0
2025-07-27T00:20:46.827606,64528378,82872007,87089,306452,2340,38,1
2025-07-27T00:20:48.719533,64341603,82861545,90051,306974,2339,37,1
2025-07-27T00:20:50.608857,64237374,82932150,93262,307350,2344,37,0
2025-07-27T00:20:53.497193,64335270,83019100,106507,307176,2340,39,1
2025-07-27T00:20:55.384903,64982128,83285924,94558,307601,2342,39,0
2025-07-27T00:20:57.272974,63915733,83270807,95940,308117,2345,37,1
2025-07-27T00:21:00.162288,64538702,82805920,88061,306409,2339,38,1
2025-07-27T00:21:02.065852,64329313,82828670,89983,306151,2342,37,0
2025-07-27T00:21:03.955432,64405501,82832872,90162,308061,2340,38,0
2025-07-27T00:21:05.843627,64238413,82944503,94611,308046,2338,37,3
2025-07-27T00:21:08.734599,64755630,83033980,90730,308560,2344,37,0
2025-07-27T00:21:10.623592,64211664,83079922,88106,308916,2342,37,0
2025-07-27T00:21:12.511871,64859486,82627623,91792,306141,2337,37,0
2025-07-27T00:21:15.401354,63941570,82821026,104042,306243,2347,37,2
2025-07-27T00:21:17.292560,65100904,83855958,87483,306263,2339,37,0
2025-07-27T00:21:19.180472,64119864,82889010,90472,305983,2341,38,0
2025-07-27T00:21:21.067682,64182735,82614182,92374,305363,2342,37,0
2025-07-27T00:21:23.956797,64921559,83226322,90363,307768,2340,37,0
2025-07-27T00:21:25.847587,64800690,82885956,94086,307310,2335,37,0
2025-07-27T00:21:27.735268,64157251,83442312,93442,307045,2341,37,1
2025-07-27T00:21:30.625992,65121180,83373320,90720,307078,2340,38,1
2025-07-27T00:21:32.518869,63514467,83001975,90205,308082,2344,40,1
2025-07-27T00:21:34.409565,64438887,82845559,86947,306838,2338,37,1
2025-07-27T00:21:37.300849,64899003,82898686,83183,307973,2339,38,0
2025-07-27T00:21:39.189237,63437683,83008394,89716,306325,2331,37,1
2025-07-27T00:21:41.076953,64218875,82905158,89024,306244,2343,37,0
2025-07-27T00:21:43.012188,63719497,82770148,88560,307082,2342,37,1
2025-07-27T00:21:45.901584,65702866,84948450,97551,308085,2340,37,0
2025-07-27T00:21:47.791304,64368755,82626492,88269,307067,2344,37,1
